{
  "audit_mode": "aligned",
  "z_pred_mean_norm": 154.66024780273438,
  "z_pred_std_of_norms": 1.6292197704315186,
  "z_pred_per_dim_std": 0.24123969674110413,
  "z_pred_mean_pairwise_cos": 0.9977408647537231,
  "z_target_per_dim_std": 0.27387499809265137,
  "z_target_mean_norm": 220.33316040039062,
  "verdict": "NO COLLAPSE. Predictor output is diverse. The zero pred_gap is a different problem."
}