{
  "audit_mode": "aligned",
  "raw_aligned_mean": 0.04747500270605087,
  "raw_shuffled_mean": 0.04669015482068062,
  "raw_gap": 0.0007848478853702545,
  "pred_aligned_mean": 0.8411198258399963,
  "pred_shuffled_mean": 0.8409399390220642,
  "pred_gap": 0.0001798868179321289
}