{
  "jepa_mode": "aligned",
  "lambda_jepa": 0.1,
  "prompt_stats": {
    "shape": [
      200,
      896
    ],
    "mean_norm": 242.9217529296875,
    "std_of_norms": 1.4282023906707764,
    "mean_per_dim_std": 0.9332565069198608
  },
  "target_stats": {
    "shape": [
      200,
      896
    ],
    "mean_norm": 220.33316040039062,
    "std_of_norms": 0.17790618538856506,
    "mean_per_dim_std": 0.27387499809265137
  },
  "aligned_mean": 0.02180112898349762,
  "aligned_std": 0.0069772182032465935,
  "shuffled_mean": 0.021772708743810654,
  "shuffled_std": 0.0069821616634726524,
  "gap": 2.8420239686965942e-05
}