{
  "jepa_mode": "aligned",
  "lambda_jepa": 0.1,
  "prompt_stats": {
    "shape": [
      200,
      896
    ],
    "mean_norm": 239.3571319580078,
    "std_of_norms": 2.0382590293884277,
    "mean_per_dim_std": 1.6280152797698975
  },
  "target_stats": {
    "shape": [
      200,
      896
    ],
    "mean_norm": 219.67527770996094,
    "std_of_norms": 0.47265514731407166,
    "mean_per_dim_std": 1.008026123046875
  },
  "aligned_mean": 0.04734664037823677,
  "aligned_std": 0.00992654636502266,
  "shuffled_mean": 0.04664618521928787,
  "shuffled_std": 0.010576273314654827,
  "gap": 0.0007004551589488983
}